Название,Цена,Ссылка
Подвесной светильник Сансет Black,4400руб.,https://www.divan.ru/kazan/product/podvesnoj-svetilnik-sanset-black
Торшер Билли Black,13 640руб.,https://www.divan.ru/kazan/product/torsher-billi-black
Подвесной светильник Бабл-9,17 320руб.,https://www.divan.ru/kazan/product/podvesnoj-svetilnik-babl-9
Торшер Бабл-1,6500руб.,https://www.divan.ru/kazan/product/torsher-babl-1
Подвесной светильник Бабл-3,6500руб.,https://www.divan.ru/kazan/product/podvesnoj-svetilnik-babl-3
Бра Бабл Black,2090руб.,https://www.divan.ru/kazan/product/bra-babl-black
Настольная лампа Дэнди Black,4190руб.,https://www.divan.ru/kazan/product/nastolnaya-lampa-dendi-black
Настольная лампа Дэнди White,4190руб.,https://www.divan.ru/kazan/product/nastolnaya-lampa-dendi-white
Торшер Варио White,4200руб.,https://www.divan.ru/kazan/product/torsher-vario-white
Бра Варио Black,1040руб.,https://www.divan.ru/kazan/product/bra-vario-black
Бра Варио White,1040руб.,https://www.divan.ru/kazan/product/bra-vario-white
Подвесной светильник Сансет White,4400руб.,https://www.divan.ru/kazan/product/podvesnoj-svetilnik-sanset-white
Подвесной светильник Кэндел Black,2830руб.,https://www.divan.ru/kazan/product/podvesnoj-svetilnik-kendel-black
Подвесной светильник Кэндел White,2830руб.,https://www.divan.ru/kazan/product/podvesnoj-svetilnik-kendel-white
Торшер Вена Beige,10 490руб.,https://www.divan.ru/kazan/product/torsher-vena-beige
Настольная лампа Сфера Orange,5240руб.,https://www.divan.ru/kazan/product/nastolnaya-lampa-sfera-orange
Торшер Осло Black,16 790руб.,https://www.divan.ru/kazan/product/torsher-oslo-black
Подвесной светильник Кая Black,2720руб.,https://www.divan.ru/kazan/product/podvesnoj-svetilnik-kaya-black
Торшер Вена Black,10 490руб.,https://www.divan.ru/kazan/product/torsher-vena-black
Настольная лампа Гровер Glass,4190руб.,https://www.divan.ru/kazan/product/nastolnaya-lampa-grover-glass
Настольная лампа Спайк Green,1040руб.,https://www.divan.ru/kazan/product/nastolnaya-lampa-spajk-green
Настольная лампа Клауд White,12 170руб.,https://www.divan.ru/kazan/product/nastolnaya-lampa-klaud-white
Настольная лампа Рэй Black,3140руб.,https://www.divan.ru/kazan/product/nastolnaya-lampa-rej-black
Торшер Рэй Black,5240руб.,https://www.divan.ru/kazan/product/torsher-rej-black
Подвесной светильник Портланд Black,2720руб.,https://www.divan.ru/kazan/product/podvesnoj-svetilnik-portland-black
Торшер Рэй White,3770руб.,https://www.divan.ru/kazan/product/torsher-rej-white
Торшер Мун Black,6290руб.,https://www.divan.ru/kazan/product/torsher-mun-black
Торшер Варио Black,5240руб.,https://www.divan.ru/kazan/product/torsher-vario-black
Настольная лампа Раффи Round,6290руб.,https://www.divan.ru/kazan/product/nastolnaya-lampa-raffi-round
Торшер Гросс White,6290руб.,https://www.divan.ru/kazan/product/torsher-gross-white
Торшер Раффи Round,9970руб.,https://www.divan.ru/kazan/product/torsher-raffi-round
Бра Moderli Alina,3560руб.,https://www.divan.ru/kazan/product/bra-moderli-alina
Подвесной светильник Маро Green,12 280руб.,https://www.divan.ru/kazan/product/podvesnoj-svetilnik-maro-green
Настольная лампа Машрум Grey,4190руб.,https://www.divan.ru/kazan/product/nastolnaya-lampa-mashrum-grey
Настольная лампа Рэй White,2720руб.,https://www.divan.ru/kazan/product/nastolnaya-lampa-rej-white
Настольная лампа Junior-4,3140руб.,https://www.divan.ru/kazan/product/nastolnaya-lampa-junior-4
Спот Лайт-1 Black,2510руб.,https://www.divan.ru/kazan/product/spot-lajt-1-black
Настольная лампа Junior-3,4070руб.,https://www.divan.ru/kazan/product/nastolnaya-lampa-junior-3
Настольная лампа Спайк Orange,1040руб.,https://www.divan.ru/kazan/product/nastolnaya-lampa-spajk-orange
Настольная лампа Junior-1,4190руб.,https://www.divan.ru/kazan/product/nastolnaya-lampa-junior-1
Подвесной светильник Milligan,5770руб.,https://www.divan.ru/kazan/product/podvesnoj-svetilnik-milligan
Настольная лампа Сфера Black,4190руб.,https://www.divan.ru/kazan/product/nastolnaya-lampa-sfera-black
Подвесной светильник Townshend-4,11 540руб.,https://www.divan.ru/kazan/product/podvesnoj-svetilnik-townshend-4
Люстра Монти-3 White,10 490руб.,https://www.divan.ru/kazan/product/lyustra-monti-3-white
Настольная лампа Junior-2,3040руб.,https://www.divan.ru/kazan/product/nastolnaya-lampa-junior-2
Настольная лампа Taeda,4610руб.,https://www.divan.ru/kazan/product/nastolnaya-lampa-taeda
Торшер Duetto,7340руб.,https://www.divan.ru/kazan/product/torsher-duetto
Настольная лампа Sphere,6860руб.,https://www.divan.ru/kazan/product/nastolnaya-lampa-sphere
